{
  "generated_at": "2026-05-24T16:21:09.877801+00:00",
  "rows": 125,
  "train_size": 100,
  "test_size": 25,
  "min_class_count": 0,
  "class_counts": {
    "safe": 25,
    "caution": 25,
    "extreme-caution": 25,
    "danger": 25,
    "extreme-danger": 25
  },
  "label_map": {
    "caution": 0,
    "danger": 1,
    "extreme-caution": 2,
    "extreme-danger": 3,
    "safe": 4
  },
  "warnings": [
    "Metrics may be inflated if synthetic/seeded data dominates recent samples."
  ],
  "metrics": {
    "cv_metrics": {
      "caution": {
        "precision": 0.9230769230769231,
        "recall": 0.96,
        "f1-score": 0.9411764705882353,
        "support": 25.0
      },
      "danger": {
        "precision": 0.8421052631578947,
        "recall": 0.9411764705882353,
        "f1-score": 0.8888888888888888,
        "support": 17.0
      },
      "extreme-caution": {
        "precision": 0.92,
        "recall": 0.92,
        "f1-score": 0.92,
        "support": 25.0
      },
      "extreme-danger": {
        "precision": 1.0,
        "recall": 0.8571428571428571,
        "f1-score": 0.9230769230769231,
        "support": 21.0
      },
      "safe": {
        "precision": 1.0,
        "recall": 1.0,
        "f1-score": 1.0,
        "support": 25.0
      },
      "accuracy": 0.9380530973451328,
      "macro avg": {
        "precision": 0.9370364372469636,
        "recall": 0.9356638655462184,
        "f1-score": 0.9346284565108094,
        "support": 113.0
      },
      "weighted avg": {
        "precision": 0.9415284296513919,
        "recall": 0.9380530973451328,
        "f1-score": 0.9382755598268353,
        "support": 113.0
      }
    },
    "final_metrics": {
      "caution": {
        "precision": 1.0,
        "recall": 1.0,
        "f1-score": 1.0,
        "support": 5.0
      },
      "danger": {
        "precision": 1.0,
        "recall": 0.5,
        "f1-score": 0.6666666666666666,
        "support": 4.0
      },
      "extreme-caution": {
        "precision": 0.7142857142857143,
        "recall": 1.0,
        "f1-score": 0.8333333333333334,
        "support": 5.0
      },
      "extreme-danger": {
        "precision": 1.0,
        "recall": 1.0,
        "f1-score": 1.0,
        "support": 4.0
      },
      "safe": {
        "precision": 1.0,
        "recall": 1.0,
        "f1-score": 1.0,
        "support": 5.0
      },
      "accuracy": 0.9130434782608695,
      "macro avg": {
        "precision": 0.9428571428571428,
        "recall": 0.9,
        "f1-score": 0.9,
        "support": 23.0
      },
      "weighted avg": {
        "precision": 0.9378881987577639,
        "recall": 0.9130434782608695,
        "f1-score": 0.9057971014492753,
        "support": 23.0
      }
    },
    "holdout_metrics": {
      "caution": {
        "precision": 0.0,
        "recall": 0.0,
        "f1-score": 0.0,
        "support": 0.0
      },
      "danger": {
        "precision": 1.0,
        "recall": 0.375,
        "f1-score": 0.5454545454545454,
        "support": 8.0
      },
      "extreme-caution": {
        "precision": 0.0,
        "recall": 0.0,
        "f1-score": 0.0,
        "support": 0.0
      },
      "extreme-danger": {
        "precision": 1.0,
        "recall": 1.0,
        "f1-score": 1.0,
        "support": 4.0
      },
      "safe": {
        "precision": 0.0,
        "recall": 0.0,
        "f1-score": 0.0,
        "support": 0.0
      },
      "accuracy": 0.5833333333333334,
      "macro avg": {
        "precision": 0.4,
        "recall": 0.275,
        "f1-score": 0.3090909090909091,
        "support": 12.0
      },
      "weighted avg": {
        "precision": 1.0,
        "recall": 0.5833333333333334,
        "f1-score": 0.6969696969696969,
        "support": 12.0
      }
    },
    "stratified_test_metrics": {
      "caution": {
        "precision": 1.0,
        "recall": 1.0,
        "f1-score": 1.0,
        "support": 5.0
      },
      "danger": {
        "precision": 1.0,
        "recall": 0.5,
        "f1-score": 0.6666666666666666,
        "support": 4.0
      },
      "extreme-caution": {
        "precision": 0.7142857142857143,
        "recall": 1.0,
        "f1-score": 0.8333333333333334,
        "support": 5.0
      },
      "extreme-danger": {
        "precision": 1.0,
        "recall": 1.0,
        "f1-score": 1.0,
        "support": 4.0
      },
      "safe": {
        "precision": 1.0,
        "recall": 1.0,
        "f1-score": 1.0,
        "support": 5.0
      },
      "accuracy": 0.9130434782608695,
      "macro avg": {
        "precision": 0.9428571428571428,
        "recall": 0.9,
        "f1-score": 0.9,
        "support": 23.0
      },
      "weighted avg": {
        "precision": 0.9378881987577639,
        "recall": 0.9130434782608695,
        "f1-score": 0.9057971014492753,
        "support": 23.0
      }
    },
    "promotion_blocked": true,
    "promotion_reasons": [
      "Holdout missing class: caution",
      "Holdout missing class: extreme-caution",
      "Holdout missing class: safe",
      "Perfect f1 for extreme-danger with low support (4)"
    ]
  }
}