{
  "generated_at": "2026-05-20T20:13:48.116743+00:00",
  "rows": 125,
  "train_size": 100,
  "test_size": 25,
  "min_class_count": 10,
  "class_counts": {
    "safe": 25,
    "caution": 25,
    "extreme-caution": 25,
    "danger": 25,
    "extreme-danger": 25
  },
  "label_map": {
    "caution": 0,
    "danger": 1,
    "extreme-caution": 2,
    "extreme-danger": 3,
    "safe": 4
  },
  "warnings": [
    "Metrics may be inflated if synthetic/seeded data dominates recent samples."
  ],
  "metrics": {
    "cv_metrics": {
      "caution": {
        "precision": 0.92,
        "recall": 0.9583333333333334,
        "f1-score": 0.9387755102040817,
        "support": 24.0
      },
      "danger": {
        "precision": 1.0,
        "recall": 1.0,
        "f1-score": 1.0,
        "support": 17.0
      },
      "extreme-caution": {
        "precision": 0.9583333333333334,
        "recall": 0.92,
        "f1-score": 0.9387755102040817,
        "support": 25.0
      },
      "extreme-danger": {
        "precision": 1.0,
        "recall": 1.0,
        "f1-score": 1.0,
        "support": 22.0
      },
      "safe": {
        "precision": 1.0,
        "recall": 1.0,
        "f1-score": 1.0,
        "support": 25.0
      },
      "accuracy": 0.9734513274336283,
      "macro avg": {
        "precision": 0.9756666666666668,
        "recall": 0.9756666666666668,
        "f1-score": 0.9755102040816327,
        "support": 113.0
      },
      "weighted avg": {
        "precision": 0.9737905604719763,
        "recall": 0.9734513274336283,
        "f1-score": 0.9734513274336283,
        "support": 113.0
      }
    },
    "final_metrics": {
      "caution": {
        "precision": 1.0,
        "recall": 1.0,
        "f1-score": 1.0,
        "support": 5.0
      },
      "danger": {
        "precision": 1.0,
        "recall": 0.3333333333333333,
        "f1-score": 0.5,
        "support": 3.0
      },
      "extreme-caution": {
        "precision": 0.7142857142857143,
        "recall": 1.0,
        "f1-score": 0.8333333333333334,
        "support": 5.0
      },
      "extreme-danger": {
        "precision": 1.0,
        "recall": 1.0,
        "f1-score": 1.0,
        "support": 5.0
      },
      "safe": {
        "precision": 1.0,
        "recall": 1.0,
        "f1-score": 1.0,
        "support": 5.0
      },
      "accuracy": 0.9130434782608695,
      "macro avg": {
        "precision": 0.9428571428571428,
        "recall": 0.8666666666666666,
        "f1-score": 0.8666666666666668,
        "support": 23.0
      },
      "weighted avg": {
        "precision": 0.9378881987577639,
        "recall": 0.9130434782608695,
        "f1-score": 0.8985507246376813,
        "support": 23.0
      }
    },
    "holdout_metrics": {
      "caution": {
        "precision": 1.0,
        "recall": 1.0,
        "f1-score": 1.0,
        "support": 1.0
      },
      "danger": {
        "precision": 1.0,
        "recall": 1.0,
        "f1-score": 1.0,
        "support": 8.0
      },
      "extreme-caution": {
        "precision": 0.0,
        "recall": 0.0,
        "f1-score": 0.0,
        "support": 0.0
      },
      "extreme-danger": {
        "precision": 1.0,
        "recall": 1.0,
        "f1-score": 1.0,
        "support": 3.0
      },
      "safe": {
        "precision": 0.0,
        "recall": 0.0,
        "f1-score": 0.0,
        "support": 0.0
      },
      "accuracy": 1.0,
      "macro avg": {
        "precision": 0.6,
        "recall": 0.6,
        "f1-score": 0.6,
        "support": 12.0
      },
      "weighted avg": {
        "precision": 1.0,
        "recall": 1.0,
        "f1-score": 1.0,
        "support": 12.0
      }
    },
    "stratified_test_metrics": {
      "caution": {
        "precision": 1.0,
        "recall": 1.0,
        "f1-score": 1.0,
        "support": 5.0
      },
      "danger": {
        "precision": 1.0,
        "recall": 0.3333333333333333,
        "f1-score": 0.5,
        "support": 3.0
      },
      "extreme-caution": {
        "precision": 0.7142857142857143,
        "recall": 1.0,
        "f1-score": 0.8333333333333334,
        "support": 5.0
      },
      "extreme-danger": {
        "precision": 1.0,
        "recall": 1.0,
        "f1-score": 1.0,
        "support": 5.0
      },
      "safe": {
        "precision": 1.0,
        "recall": 1.0,
        "f1-score": 1.0,
        "support": 5.0
      },
      "accuracy": 0.9130434782608695,
      "macro avg": {
        "precision": 0.9428571428571428,
        "recall": 0.8666666666666666,
        "f1-score": 0.8666666666666668,
        "support": 23.0
      },
      "weighted avg": {
        "precision": 0.9378881987577639,
        "recall": 0.9130434782608695,
        "f1-score": 0.8985507246376813,
        "support": 23.0
      }
    },
    "promotion_blocked": true,
    "promotion_reasons": [
      "Holdout missing class: extreme-caution",
      "Holdout missing class: safe",
      "Perfect f1 for caution with low support (1)",
      "Perfect f1 for danger with low support (8)",
      "Perfect f1 for extreme-danger with low support (3)"
    ]
  }
}