{
  "generated_at": "2026-05-20T13:37:26.605495+00:00",
  "rows": 486,
  "train_size": 388,
  "test_size": 98,
  "min_class_count": 0,
  "class_counts": {
    "safe": 58,
    "caution": 191,
    "extreme-caution": 228,
    "danger": 9,
    "extreme-danger": 0
  },
  "label_map": {
    "caution": 0,
    "danger": 1,
    "extreme-caution": 2,
    "safe": 3
  },
  "warnings": [
    "Metrics may be inflated if synthetic/seeded data dominates recent samples."
  ],
  "metrics": {
    "cv_metrics": {
      "caution": {
        "precision": 0.9782608695652174,
        "recall": 1.0,
        "f1-score": 0.989010989010989,
        "support": 180.0
      },
      "danger": {
        "precision": 1.0,
        "recall": 1.0,
        "f1-score": 1.0,
        "support": 3.0
      },
      "extreme-caution": {
        "precision": 1.0,
        "recall": 0.9757575757575757,
        "f1-score": 0.9877300613496932,
        "support": 165.0
      },
      "safe": {
        "precision": 0.0,
        "recall": 0.0,
        "f1-score": 0.0,
        "support": 0.0
      },
      "accuracy": 0.9885057471264368,
      "macro avg": {
        "precision": 0.7445652173913043,
        "recall": 0.7439393939393939,
        "f1-score": 0.7441852625901706,
        "support": 348.0
      },
      "weighted avg": {
        "precision": 0.9887556221889056,
        "recall": 0.9885057471264368,
        "f1-score": 0.9884983854732109,
        "support": 348.0
      }
    },
    "final_metrics": {
      "caution": {
        "precision": 1.0,
        "recall": 1.0,
        "f1-score": 1.0,
        "support": 38.0
      },
      "danger": {
        "precision": 0.5,
        "recall": 1.0,
        "f1-score": 0.6666666666666666,
        "support": 2.0
      },
      "extreme-caution": {
        "precision": 1.0,
        "recall": 0.9444444444444444,
        "f1-score": 0.9714285714285714,
        "support": 36.0
      },
      "safe": {
        "precision": 1.0,
        "recall": 1.0,
        "f1-score": 1.0,
        "support": 12.0
      },
      "accuracy": 0.9772727272727273,
      "macro avg": {
        "precision": 0.875,
        "recall": 0.9861111111111112,
        "f1-score": 0.9095238095238095,
        "support": 88.0
      },
      "weighted avg": {
        "precision": 0.9886363636363636,
        "recall": 0.9772727272727273,
        "f1-score": 0.9807359307359307,
        "support": 88.0
      }
    },
    "holdout_metrics": {
      "caution": {
        "precision": 0.0,
        "recall": 0.0,
        "f1-score": 0.0,
        "support": 0.0
      },
      "danger": {
        "precision": 0.0,
        "recall": 0.0,
        "f1-score": 0.0,
        "support": 0.0
      },
      "extreme-caution": {
        "precision": 1.0,
        "recall": 1.0,
        "f1-score": 1.0,
        "support": 48.0
      },
      "safe": {
        "precision": 0.0,
        "recall": 0.0,
        "f1-score": 0.0,
        "support": 0.0
      },
      "accuracy": 1.0,
      "macro avg": {
        "precision": 0.25,
        "recall": 0.25,
        "f1-score": 0.25,
        "support": 48.0
      },
      "weighted avg": {
        "precision": 1.0,
        "recall": 1.0,
        "f1-score": 1.0,
        "support": 48.0
      }
    },
    "stratified_test_metrics": {
      "caution": {
        "precision": 1.0,
        "recall": 1.0,
        "f1-score": 1.0,
        "support": 38.0
      },
      "danger": {
        "precision": 0.5,
        "recall": 1.0,
        "f1-score": 0.6666666666666666,
        "support": 2.0
      },
      "extreme-caution": {
        "precision": 1.0,
        "recall": 0.9444444444444444,
        "f1-score": 0.9714285714285714,
        "support": 36.0
      },
      "safe": {
        "precision": 1.0,
        "recall": 1.0,
        "f1-score": 1.0,
        "support": 12.0
      },
      "accuracy": 0.9772727272727273,
      "macro avg": {
        "precision": 0.875,
        "recall": 0.9861111111111112,
        "f1-score": 0.9095238095238095,
        "support": 88.0
      },
      "weighted avg": {
        "precision": 0.9886363636363636,
        "recall": 0.9772727272727273,
        "f1-score": 0.9807359307359307,
        "support": 88.0
      }
    },
    "promotion_blocked": true,
    "promotion_reasons": [
      "Holdout missing class: caution",
      "Holdout missing class: danger",
      "Holdout missing class: safe"
    ]
  }
}