{"best_params": {"clf__colsample_bytree": 0.8446612641953124, "clf__learning_rate": 0.011413261043943482, "clf__max_depth": 3, "clf__n_estimators": 148, "clf__subsample": 0.8099098641033556}, "cv_results": {"mean_fit_time": [0.21242189407348633, 0.2655160427093506, 0.3721126715342204, 0.4388752778371175, 0.18837269147237143, 0.47576530774434406, 0.2554942766825358, 0.21343413988749185, 0.22722951571146646, 0.3053135871887207, 0.3615352312723796, 0.27620673179626465, 0.27641550699869794, 0.4745205243428548, 0.310821533203125, 0.3100013732910156, 0.43024754524230957, 0.3014837106068929, 0.3501683870951335, 0.25248463948567706], "std_fit_time": [0.020233883454528638, 0.050868472279995657, 0.0670524371329932, 0.06911236433918592, 0.025186478489983944, 0.11007439220184333, 0.028661260378533258, 0.033586359810133255, 0.04109748513664735, 0.06716762643701046, 0.08408928835075255, 0.04793365120727286, 0.05403948305243982, 0.10891626223991621, 0.0674218984840559, 0.05033068944983587, 0.1006571210560614, 0.04643195520050395, 0.05288936701621823, 0.05611865419381584], "mean_score_time": [0.00507346789042155, 0.004662752151489258, 0.006206194559733073, 0.006059805552164714, 0.004787921905517578, 0.00602420171101888, 0.005521933237711589, 0.005323251088460286, 0.004828294118245442, 0.005615234375, 0.0058345794677734375, 0.005761623382568359, 0.005453586578369141, 0.005639473597208659, 0.005800008773803711, 0.005165259043375651, 0.005731105804443359, 0.004975636800130208, 0.005261023839314778, 0.005672852198282878], "std_score_time": [0.000852146032500211, 0.00048434091300523195, 0.0003712954484395271, 0.0004196724318811351, 9.808309688647107e-05, 0.00038647528287405735, 0.00019719895835938446, 0.00036326867697551463, 0.00037462037623762427, 0.00039603275681312415, 0.0005244701895645449, 0.00022189952439915814, 0.00015539478459530786, 0.000441164760664133, 0.00038142089729917576, 0.00035448988220601276, 0.0004853259512180099, 0.0003923274291981503, 0.0002221345900067612, 0.0003057195823516074], "param_clf__colsample_bytree": [0.749816047538945, 0.6624074561769746, 0.6571467271687763, 0.9754210836063001, 0.8446612641953124, 0.7599443886861021, 0.9140703845572055, 0.8721230154351118, 0.9233589392465844, 0.6488152939379115, 0.672894435115225, 0.9878338511058234, 0.8391599915244341, 0.7554709158757928, 0.7123738038749523, 0.6298202574719083, 0.9261845713819337, 0.9705203514053395, 0.7797802696552814, 0.7098887171960256], "param_clf__learning_rate": [0.20014286128198325, 0.041198904067240534, 0.14017769458977059, 0.010155753168202867, 0.011413261043943482, 0.019333132642723086, 0.04993475643167195, 0.1000998503939086, 0.07092275383467414, 0.10903538202225403, 0.16107228206353053, 0.16502656467222293, 0.19437484700462337, 0.06426980635477918, 0.1185392166316497, 0.20737738732010347, 0.15137146876952343, 0.1402154051003889, 0.029082023298082266, 0.12224868516954022], "param_clf__max_depth": [5, 5, 7, 6, 3, 6, 6, 4, 7, 5, 4, 4, 6, 7, 3, 3, 5, 6, 7, 5], "param_clf__n_estimators": [171, 187, 357, 376, 148, 370, 230, 188, 191, 305, 359, 301, 289, 379, 256, 235, 388, 234, 198, 200], "param_clf__subsample": [0.8394633936788146, 0.7334834444556088, 0.8887995089067299, 0.8469926038510867, 0.8099098641033556, 0.7824279936868144, 0.9439761626945282, 0.9862528132298237, 0.7760609974958406, 0.7564242430292963, 0.6739417822102108, 0.9579309401710595, 0.7301321323053057, 0.7427013306774357, 0.9208787923016158, 0.602208846849441, 0.8423839899124046, 0.9400154311159197, 0.8365191150830908, 0.9886848381556415], "params": [{"clf__colsample_bytree": 0.749816047538945, "clf__learning_rate": 0.20014286128198325, "clf__max_depth": 5, "clf__n_estimators": 171, "clf__subsample": 0.8394633936788146}, {"clf__colsample_bytree": 0.6624074561769746, "clf__learning_rate": 0.041198904067240534, "clf__max_depth": 5, "clf__n_estimators": 187, "clf__subsample": 0.7334834444556088}, {"clf__colsample_bytree": 0.6571467271687763, "clf__learning_rate": 0.14017769458977059, "clf__max_depth": 7, "clf__n_estimators": 357, "clf__subsample": 0.8887995089067299}, {"clf__colsample_bytree": 0.9754210836063001, "clf__learning_rate": 0.010155753168202867, "clf__max_depth": 6, "clf__n_estimators": 376, "clf__subsample": 0.8469926038510867}, {"clf__colsample_bytree": 0.8446612641953124, "clf__learning_rate": 0.011413261043943482, "clf__max_depth": 3, "clf__n_estimators": 148, "clf__subsample": 0.8099098641033556}, {"clf__colsample_bytree": 0.7599443886861021, "clf__learning_rate": 0.019333132642723086, "clf__max_depth": 6, "clf__n_estimators": 370, "clf__subsample": 0.7824279936868144}, {"clf__colsample_bytree": 0.9140703845572055, "clf__learning_rate": 0.04993475643167195, "clf__max_depth": 6, "clf__n_estimators": 230, "clf__subsample": 0.9439761626945282}, {"clf__colsample_bytree": 0.8721230154351118, "clf__learning_rate": 0.1000998503939086, "clf__max_depth": 4, "clf__n_estimators": 188, "clf__subsample": 0.9862528132298237}, {"clf__colsample_bytree": 0.9233589392465844, "clf__learning_rate": 0.07092275383467414, "clf__max_depth": 7, "clf__n_estimators": 191, "clf__subsample": 0.7760609974958406}, {"clf__colsample_bytree": 0.6488152939379115, "clf__learning_rate": 0.10903538202225403, "clf__max_depth": 5, "clf__n_estimators": 305, "clf__subsample": 0.7564242430292963}, {"clf__colsample_bytree": 0.672894435115225, "clf__learning_rate": 0.16107228206353053, "clf__max_depth": 4, "clf__n_estimators": 359, "clf__subsample": 0.6739417822102108}, {"clf__colsample_bytree": 0.9878338511058234, "clf__learning_rate": 0.16502656467222293, "clf__max_depth": 4, "clf__n_estimators": 301, "clf__subsample": 0.9579309401710595}, {"clf__colsample_bytree": 0.8391599915244341, "clf__learning_rate": 0.19437484700462337, "clf__max_depth": 6, "clf__n_estimators": 289, "clf__subsample": 0.7301321323053057}, {"clf__colsample_bytree": 0.7554709158757928, "clf__learning_rate": 0.06426980635477918, "clf__max_depth": 7, "clf__n_estimators": 379, "clf__subsample": 0.7427013306774357}, {"clf__colsample_bytree": 0.7123738038749523, "clf__learning_rate": 0.1185392166316497, "clf__max_depth": 3, "clf__n_estimators": 256, "clf__subsample": 0.9208787923016158}, {"clf__colsample_bytree": 0.6298202574719083, "clf__learning_rate": 0.20737738732010347, "clf__max_depth": 3, "clf__n_estimators": 235, "clf__subsample": 0.602208846849441}, {"clf__colsample_bytree": 0.9261845713819337, "clf__learning_rate": 0.15137146876952343, "clf__max_depth": 5, "clf__n_estimators": 388, "clf__subsample": 0.8423839899124046}, {"clf__colsample_bytree": 0.9705203514053395, "clf__learning_rate": 0.1402154051003889, "clf__max_depth": 6, "clf__n_estimators": 234, "clf__subsample": 0.9400154311159197}, {"clf__colsample_bytree": 0.7797802696552814, "clf__learning_rate": 0.029082023298082266, "clf__max_depth": 7, "clf__n_estimators": 198, "clf__subsample": 0.8365191150830908}, {"clf__colsample_bytree": 0.7098887171960256, "clf__learning_rate": 0.12224868516954022, "clf__max_depth": 5, "clf__n_estimators": 200, "clf__subsample": 0.9886848381556415}], "split0_test_score": [1.0, 1.0, 1.0, 1.0, 1.0, 1.0, 1.0, 1.0, 1.0, 1.0, 1.0, 1.0, 1.0, 1.0, 1.0, 1.0, 1.0, 1.0, 1.0, 1.0], "split1_test_score": [0.977497846928398, 0.977497846928398, 0.977497846928398, 0.977497846928398, 1.0, 0.977497846928398, 0.977497846928398, 0.977497846928398, 0.977497846928398, 0.977497846928398, 0.977497846928398, 0.977497846928398, 0.977497846928398, 0.977497846928398, 0.977497846928398, 0.977497846928398, 0.977497846928398, 0.977497846928398, 0.977497846928398, 0.977497846928398], "split2_test_score": [1.0, 1.0, 1.0, 1.0, 1.0, 1.0, 1.0, 1.0, 1.0, 1.0, 1.0, 1.0, 1.0, 1.0, 1.0, 1.0, 1.0, 1.0, 1.0, 1.0],